<?xml version="1.0"?>
<doc>
    <assembly>
        <name>PractWork10</name>
    </assembly>
    <members>
        <member name="M:PractWork10.Controllers.TodoContoller.GetAll">
            <summary>
            Получить все задачи
            </summary>
        </member>
        <member name="M:PractWork10.Controllers.TodoContoller.GetById(System.Int32)">
            <summary>
            Получить задачу по ID
            </summary>
            <param name="id">Идентификатор задачи</param>
        </member>
        <member name="M:PractWork10.Controllers.TodoContoller.Create(PractWork10.Models.TodoItem)">
            <summary>
            Создать новую задачу
            </summary>
            <param name="item">Данные задачи</param>
        </member>
        <member name="M:PractWork10.Controllers.TodoContoller.Update(System.Int32,PractWork10.Models.TodoItem)">
            <summary>
            Обновить задачу
            </summary>
            <param name="id">Идентификатор задачи</param>
            <param name="item">Обновленные данные</param>
        </member>
        <member name="M:PractWork10.Controllers.TodoContoller.Delete(System.Int32)">
            <summary>
            Удалить задачу
            </summary>
            <param name="id">Идентификатор задачи</param>
        </member>
    </members>
</doc>
